<?xml version="1.0" encoding="UTF-8"?>
<!-- Generated by eXe - http://exelearning.net -->
<manifest identifier="eXecon_examen67b1e277288466edf417" xmlns="http://www.imsproject.org/xsd/imscp_rootv1p1p2" xmlns:adlcp="http://www.adlnet.org/xsd/adlcp_rootv1p2" xmlns:imsmd="http://www.imsglobal.org/xsd/imsmd_v1p2" xmlns:xsi="http://www.w3.org/2001/XMLSchema-instance" xsi:schemaLocation="http://www.imsproject.org/xsd/imscp_rootv1p1p2 imscp_rootv1p1p2.xsd http://www.imsglobal.org/xsd/imsmd_rootv1p2p1 imsmd_rootv1p2p1.xsd http://www.adlnet.org/xsd/adlcp_rootv1p2 adlcp_rootv1p2.xsd" > 
<metadata> 
 <schema>ADL SCORM</schema> 
 <schemaversion>1.2</schemaversion> 
 <adlcp:location>imslrm.xml</adlcp:location> 
</metadata> 
<organizations default="eXecon_examen67b1e277288466edf418">  
    <organization identifier="eXecon_examen67b1e277288466edf418" structure="hierarchical">
        <title>DISOLUCIONES</title>
<item identifier="ITEM-eXecon_examen67b1e277288466edf419" isvisible="true" identifierref="RES-eXecon_examen67b1e277288466edf41a">
    <title>DISOLUCIONES</title>
<item identifier="ITEM-eXecon_examen67b1e277288466edf51b" isvisible="true" identifierref="RES-eXecon_examen67b1e277288466edf51c">
    <title>Contenidos</title>
<item identifier="ITEM-eXecon_examen67b1e277288466edf51d" isvisible="true" identifierref="RES-eXecon_examen67b1e277288466edf51e">
    <title>Propiedades generales de las disoluciones</title>
</item>
<item identifier="ITEM-eXecon_examen67b1e277288466edf51f" isvisible="true" identifierref="RES-eXecon_examen67b1e277288466edf520">
    <title>Solubilidad</title>
</item>
<item identifier="ITEM-eXecon_examen67b1e277288466edf521" isvisible="true" identifierref="RES-eXecon_examen67b1e277288466edf522">
    <title>Velocidad de disolución de los sólidos</title>
</item>
<item identifier="ITEM-eXecon_examen67b1e277288466edf623" isvisible="true" identifierref="RES-eXecon_examen67b1e277288466edf624">
    <title>Concentración de las disoluciones</title>
</item>
<item identifier="ITEM-eXecon_examen67b1e277288466edf625" isvisible="true" identifierref="RES-eXecon_examen67b1e277288466edf626">
    <title>Propiedades coligativas de las disoluciones</title>
</item>
<item identifier="ITEM-eXecon_examen67b1e277288466edf627" isvisible="true" identifierref="RES-eXecon_examen67b1e277288466edf628">
    <title>Ósmosis y presión osmótica</title>
</item>
</item>
<item identifier="ITEM-eXecon_examen67b1e277288466edf629" isvisible="true" identifierref="RES-eXecon_examen67b1e277288466edf62a">
    <title>Actividades</title>
</item>
<item identifier="ITEM-eXecon_examen67b1e277288466edf72b" isvisible="true" identifierref="RES-eXecon_examen67b1e277288466edf72c">
    <title>Actividades interactivas</title>
</item>
<item identifier="ITEM-eXecon_examen67b1e277288466edfb2d" isvisible="true" identifierref="RES-eXecon_examen67b1e277288466edfb2e">
    <title>Evaluación</title>
</item>
<item identifier="ITEM-eXecon_examen67b1e277288466edfd2f" isvisible="true" identifierref="RES-eXecon_examen67b1e277288466edfd30">
    <title>Recursos adicionales</title>
</item>
</item>
  </organization>
</organizations>
<resources>
  <resource identifier="RES-eXecon_examen67b1e277288466edf41a" type="webcontent" adlcp:scormtype="sco" href="index.html"> 
    <file href="index.html"/> 
    <file href="exe_html5.js"/>
    <file href="disoluciones_1.jpg"/>
    <dependency identifierref="COMMON_FILES"/>
  </resource>
  <resource identifier="RES-eXecon_examen67b1e277288466edf51c" type="webcontent" adlcp:scormtype="sco" href="contenidos.html"> 
    <file href="contenidos.html"/> 
    <file href="exe_html5.js"/>
    <dependency identifierref="COMMON_FILES"/>
  </resource>
  <resource identifier="RES-eXecon_examen67b1e277288466edf51e" type="webcontent" adlcp:scormtype="sco" href="propiedades_generales_de_las_disoluciones.html"> 
    <file href="propiedades_generales_de_las_disoluciones.html"/> 
    <file href="exe_html5.js"/>
    <file href="map_1740184218126.png"/>
    <dependency identifierref="COMMON_FILES"/>
  </resource>
  <resource identifier="RES-eXecon_examen67b1e277288466edf520" type="webcontent" adlcp:scormtype="sco" href="solubilidad.html"> 
    <file href="solubilidad.html"/> 
    <file href="exe_html5.js"/>
    <file href="solubilidad_de_diversos_iones_comunes.jpg"/>
    <dependency identifierref="COMMON_FILES"/>
  </resource>
  <resource identifier="RES-eXecon_examen67b1e277288466edf522" type="webcontent" adlcp:scormtype="sco" href="velocidad_de_disolucin_de_los_slidos.html"> 
    <file href="velocidad_de_disolucin_de_los_slidos.html"/> 
    <file href="exe_html5.js"/>
    <dependency identifierref="COMMON_FILES"/>
  </resource>
  <resource identifier="RES-eXecon_examen67b1e277288466edf624" type="webcontent" adlcp:scormtype="sco" href="concentracin_de_las_disoluciones.html"> 
    <file href="concentracin_de_las_disoluciones.html"/> 
    <file href="exe_html5.js"/>
    <file href="concentracion_de_las_disoluciones.jpg"/>
    <dependency identifierref="COMMON_FILES"/>
  </resource>
  <resource identifier="RES-eXecon_examen67b1e277288466edf626" type="webcontent" adlcp:scormtype="sco" href="propiedades_coligativas_de_las_disoluciones.html"> 
    <file href="propiedades_coligativas_de_las_disoluciones.html"/> 
    <file href="exe_html5.js"/>
    <file href="propiedades_coligativas.jpg"/>
    <dependency identifierref="COMMON_FILES"/>
  </resource>
  <resource identifier="RES-eXecon_examen67b1e277288466edf628" type="webcontent" adlcp:scormtype="sco" href="smosis_y_presin_osmtica.html"> 
    <file href="smosis_y_presin_osmtica.html"/> 
    <file href="exe_html5.js"/>
    <dependency identifierref="COMMON_FILES"/>
  </resource>
  <resource identifier="RES-eXecon_examen67b1e277288466edf62a" type="webcontent" adlcp:scormtype="sco" href="actividades.html"> 
    <file href="actividades.html"/> 
    <file href="exe_html5.js"/>
    <file href="Problemas.jpg"/>
    <dependency identifierref="COMMON_FILES"/>
  </resource>
  <resource identifier="RES-eXecon_examen67b1e277288466edf72c" type="webcontent" adlcp:scormtype="sco" href="actividades_interactivas.html"> 
    <file href="actividades_interactivas.html"/> 
    <file href="exe_html5.js"/>
    <file href="stock-stop.png"/>
    <file href="panel-amusements.png"/>
    <file href="common.js"/>
    <dependency identifierref="COMMON_FILES"/>
  </resource>
  <resource identifier="RES-eXecon_examen67b1e277288466edfb2e" type="webcontent" adlcp:scormtype="sco" href="evaluacin.html"> 
    <file href="evaluacin.html"/> 
    <file href="exe_html5.js"/>
    <file href="stock-stop.png"/>
    <file href="panel-amusements.png"/>
    <file href="common.js"/>
    <file href="exe-rubrics.css"/>
    <file href="exe-rubrics.js"/>
    <dependency identifierref="COMMON_FILES"/>
  </resource>
  <resource identifier="RES-eXecon_examen67b1e277288466edfd30" type="webcontent" adlcp:scormtype="sco" href="recursos_adicionales.html"> 
    <file href="recursos_adicionales.html"/> 
    <file href="exe_html5.js"/>
    <file href="common.js"/>
    <dependency identifierref="COMMON_FILES"/>
  </resource>
  <resource identifier="COMMON_FILES" type="webcontent" adlcp:scormtype="asset">
    <file href="config.xml"/>
    <file href="content.css"/>
    <file href="EncodeSans-Light_latin-ext.woff2"/>
    <file href="EncodeSans-Light_latin.woff2"/>
    <file href="EncodeSans-Light_vietnamese.woff2"/>
    <file href="icon_atom.png"/>
    <file href="icon_award.png"/>
    <file href="icon_beach.png"/>
    <file href="icon_bulb.png"/>
    <file href="icon_camera.png"/>
    <file href="icon_classroom.png"/>
    <file href="icon_compass.png"/>
    <file href="icon_edia.png"/>
    <file href="icon_etwinning.png"/>
    <file href="icon_exe.png"/>
    <file href="icon_footprints.png"/>
    <file href="icon_free_license.png"/>
    <file href="icon_gears.png"/>
    <file href="icon_knowledge.png"/>
    <file href="icon_list.png"/>
    <file href="icon_microphone.png"/>
    <file href="icon_network.png"/>
    <file href="icon_plus.png"/>
    <file href="icon_presentation.png"/>
    <file href="icon_puzzle.png"/>
    <file href="icon_share.png"/>
    <file href="icon_stars.png"/>
    <file href="icon_talk.png"/>
    <file href="icon_teacher_screen.png"/>
    <file href="icon_telescope.png"/>
    <file href="icon_think.png"/>
    <file href="icon_tree.png"/>
    <file href="icon_write.png"/>
    <file href="nav.css"/>
    <file href="_intef_bg.png"/>
    <file href="_intef_footer.png"/>
    <file href="_intef_header.png"/>
    <file href="_intef_icons.png"/>
    <file href="_intef_js.js"/>
    <file href="_intef_left_column.gif"/>
    <file href="_intef_licenses.gif"/>
    <file href="_intef_menu.gif"/>
    <file href="_intef_print.png"/>
    <file href="_intef_title_bg.png"/>
    <file href="base.css"/>
    <file href="popup_bg.gif"/>
    <file href="SCORM_API_wrapper.js"/>
    <file href="SCOFunctions.js"/>
    <file href="common.js"/>
    <file href="common_i18n.js"/>
    <file href="exe_jquery.js"/>
    <file href="content.xsd"/>
    <file href="content.data"/>
    <file href="contentv3.xml"/>
    <file href="imslrm.xml"/>
  </resource>
</resources>
</manifest>
